release_id,benchmark,benchmark_name,task_count,requests_min_seconds,requests_max_seconds,requests_label,clock_tool,pass_rule,source_citation,source_url,runs_total,graded_runs,timing_error_astra,n_astra,timing_n_astra,timing_error_sol,n_sol,timing_n_sol,timing_error_fable,n_fable,timing_n_fable,timing_error_muse,n_muse,timing_n_muse
2026-09-26-1311Z,assistantbench,AssistantBench,18,75,1200,1.25 to 20 min,false,Exact match with the reference answer.,"Yoran et al., 2024 (EMNLP)",https://arxiv.org/abs/2407.15711,162,162,1.6804679298008889,54,54,2.1606024771787755,54,54,2.7508830837869507,54,54,,,
2026-09-26-1311Z,gpqa-diamond,GPQA Diamond,28,75,1200,1.25 to 20 min,true,The answer letter matches the key.,"Rein et al., 2024 (COLM)",https://arxiv.org/abs/2311.12022,336,326,1.0568853886208338,84,84,1.3447992699905356,84,84,3.7563345701470143,84,84,5.660856958402578,84,84
2026-09-26-1311Z,humanitys-last-exam,Humanity's Last Exam,24,75,1200,1.25 to 20 min,true,The benchmark's own judge marks the answer correct.,"Phan et al., 2025",https://arxiv.org/abs/2501.14249,216,216,1.0699422299060433,72,72,1.2113958441758603,72,72,2.6230809429044464,72,72,,,
2026-09-26-1311Z,osworld,OSWorld 2.0,16,900,15000,15 min to 4.17 h,false,"Binary completion: a score of 1.00, with every checkpoint met.","Yuan et al., 2026",https://arxiv.org/abs/2606.29537,144,144,1.1455770460786274,48,48,2.884949818014873,48,48,1.9904563568642002,48,48,,,
2026-09-26-1311Z,pptarena,PPTArena,10,90,1500,1.5 to 25 min,false,,,,90,90,1.2524628173844063,30,30,1.8915022153112537,30,30,2.893243630484246,30,30,,,
2026-09-26-1311Z,paperbench,PaperBench,3,300,12000,5 min to 3.33 h,false,,"Starace et al., 2025",https://arxiv.org/abs/2504.01848,27,20,1.014535860854391,9,9,1.3072801899292763,9,9,2.636304988068538,9,9,,,
2026-09-26-1311Z,programbench,ProgramBench,14,480,30000,8 min to 8.33 h,false,Resolved: every hidden test passes.,"Yang et al., 2026",https://arxiv.org/abs/2605.03546,120,120,1.0112835549677923,42,42,1.6801654545340206,42,42,2.7481295873418077,36,36,,,
2026-09-26-1311Z,sakana-ale-bench,Sakana ALE-Bench,10,600,15000,10 min to 4.17 h,false,,"Imajuku et al., 2025",https://arxiv.org/abs/2506.09050,90,88,1.0155158282355736,30,30,1.119154022690802,30,30,1.9727336417593344,30,30,,,
2026-09-26-1311Z,tua-bench,TUA-Bench,12,75,6000,1.25 min to 1.67 h,false,Full completion: a reward of 1 on the final state.,"Chen et al., 2026",https://arxiv.org/abs/2606.28480,132,130,1.115048795865722,36,36,1.31227246225728,36,36,3.0079331838292984,36,36,2.8260655730005126,24,24
2026-09-26-1311Z,wildclawbench,WildClawBench,10,60,2400,1 to 40 min,false,,"Ding et al., 2026",https://arxiv.org/abs/2605.10912,90,84,1.6236294187849099,30,30,2.7203278048614044,30,30,3.407183171343045,30,30,,,
2026-09-26-1311Z,agents-last-exam,Agents' Last Exam,12,240,9000,4 min to 2.5 h,false,Full pass: a checker score of 1.,"Sun et al., 2026",https://arxiv.org/abs/2606.05405,108,107,1.0957320251812321,36,36,2.202313698409607,36,36,2.6810253067008225,36,36,,,
2026-09-26-1311Z,appworld,AppWorld,18,90,2400,1.5 to 40 min,false,Every final-state test passes.,"Trivedi et al., 2024 (ACL)",https://aclanthology.org/2024.acl-long.850/,162,162,1.0781360787989367,54,54,1.127881961407954,54,54,2.9292505782666627,54,54,,,
2026-09-26-1311Z,core-bench,CORE-Bench v1.1,12,150,12000,2.5 min to 3.33 h,false,"Every answer correct, with numbers inside a 95% prediction interval.","Nadgir et al., 2026",https://arxiv.org/abs/2606.26158,108,107,1.0390206565130045,36,36,1.7044648768258115,36,36,2.8232755650221284,36,36,,,
2026-09-26-1311Z,deepswe,DeepSWE v1.1,12,240,9000,4 min to 2.5 h,false,The hidden tests pass.,"Huang et al., 2026",https://arxiv.org/abs/2607.07946,108,108,1.0736185068676607,36,36,1.5022032382610009,36,36,2.574168558908481,36,36,,,
2026-09-26-1311Z,terminal-bench,Terminal-Bench 4.0,16,240,30000,4 min to 8.33 h,false,The task's tests pass.,"Merrill et al., 2026 (ICLR)",https://arxiv.org/abs/2601.11868,144,144,1.0379831772598576,48,48,1.2700846893648585,48,48,2.4938874746164292,48,48,,,
2026-09-26-1311Z,posttrainbench,PostTrainBench v1.1,2,7200,108000,2 to 30 h,false,,"Rank et al., 2026 (ICML)",https://arxiv.org/abs/2603.08640,17,13,1.0068841280059155,6,6,2.050020088301081,6,6,4.978004763128336,5,5,,,
2026-09-26-1311Z,metr-public-tasks,METR public tasks,2,7200,216000,2 to 60 h,false,,"Kinniment et al., 2024 (METR)",https://github.com/METR/public-tasks,18,17,1.003395482802714,6,6,5.721692094968812,6,6,4.11014971713686,6,6,,,
2026-09-26-1311Z,yc-bench,YC-Bench,3,480,7500,8 min to 2.08 h,false,,"He et al., 2026",https://arxiv.org/abs/2604.01212,27,27,2.7331383515261143,9,9,1.7526539368826812,9,9,2.4325870848287567,9,9,,,
