cell,block,family,task_id,request,requested_s,backstop_s,selection,prompt_sha256
gpqa-1-s,questions,gpqa-diamond,rec260hNUCEj109Dj,shortest,75,1800,picked,a861dd59570ac8d16d7a013e590b7ed5622db4577bcfa0ecd33130d1830c4544
gpqa-1-m,questions,gpqa-diamond,rec260hNUCEj109Dj,middle,300,1800,picked,712a2ecdc75616ea722a84090bcfd5fb96cf8602ec1b20c99ff7379f8e3f7faa
gpqa-1-l,questions,gpqa-diamond,rec260hNUCEj109Dj,longest,1200,2400,picked,62811015c12ba635acfd1d2bc7d1211b7684bb8ac9103d7e5eb1973349504317
gpqa-2-s,questions,gpqa-diamond,recKv4hFyNpViUXnL,shortest,75,1800,picked,050be8c8003634beea0f8f073240180fa036f616fdd397718663032300e2d038
gpqa-2-m,questions,gpqa-diamond,recKv4hFyNpViUXnL,middle,300,1800,picked,a1e9d5bc93d10c5a556ab8388eaf765dcc96d23dce700d43cc0b56201fdefb1b
gpqa-2-l,questions,gpqa-diamond,recKv4hFyNpViUXnL,longest,1200,2400,picked,568025506f9bb450c050cb17feda122676344d2303d5fed6f270d7e4e3b54b51
gpqa-3-s,questions,gpqa-diamond,rec2fsnzUuvNtUYK8,shortest,75,1800,picked,9f4faaa7e16c440719edfd50fe753428ab3ff0b597a0d8cfe5d342e8096b7743
gpqa-3-m,questions,gpqa-diamond,rec2fsnzUuvNtUYK8,middle,300,1800,picked,79340f774e7bb4717255d799a01921000a45107135c237e02511c182f27cde89
gpqa-3-l,questions,gpqa-diamond,rec2fsnzUuvNtUYK8,longest,1200,2400,picked,4d7fa6367bc6dac073fa227eaebe1811db5707a762236f2219988ea5dbd064c4
gpqa-4-s,questions,gpqa-diamond,rec8nshandHARTkrg,shortest,75,1800,random,e76f8b69bf863a990b75eb1065634ba1cddc1793690285a41b70a2ac084cb80d
gpqa-4-m,questions,gpqa-diamond,rec8nshandHARTkrg,middle,300,1800,random,0727784e7103249292cb86845fd572790b1f7ee0e65060a481051b269ccb7d46
gpqa-4-l,questions,gpqa-diamond,rec8nshandHARTkrg,longest,1200,2400,random,5c1144af8de5314be66ca4c6cedba01fe6c97be70276294a07bf02e134363353
gpqa-5-s,questions,gpqa-diamond,recFaL6j8UMhutXrc,shortest,75,1800,random,4f5d6f790364f88ad8c7fa265e1be442149acbcefd496bfa09b5e5d4aa30592a
gpqa-5-m,questions,gpqa-diamond,recFaL6j8UMhutXrc,middle,300,1800,random,6c865710077e6d8854f10cf7752ae759e2c2fccd235aa8d9140e4eb48b4b253e
gpqa-5-l,questions,gpqa-diamond,recFaL6j8UMhutXrc,longest,1200,2400,random,3ddf389e0d868fdc1af7df12e5157f17f1c46c9ea6f232751147869a9c6d008c
gpqa-6-s,questions,gpqa-diamond,recV1nqYQvpII94oC,shortest,75,1800,random,8c0efefbc8e114039fb7973176c2435716283fe8bd29999fcd189ebb47e7e725
gpqa-6-m,questions,gpqa-diamond,recV1nqYQvpII94oC,middle,300,1800,random,b1776225d8d18157a21027d0b6543008f2df309a2d53305873252a8bcf58b1fc
gpqa-6-l,questions,gpqa-diamond,recV1nqYQvpII94oC,longest,1200,2400,random,a5a8248bcc415a1e19c7a2f63b130b7a4ed7ee94c0655357646baa876de4b2c2
gpqa-7-s,questions,gpqa-diamond,rec7C06XOB2h298ue,shortest,75,1800,random,aeeb82eb16a557aea8af1aaa9ed8ba88228ab43b9197fdea3999d128086a975d
gpqa-7-m,questions,gpqa-diamond,rec7C06XOB2h298ue,middle,300,1800,random,8c1d64fa4d86992405cebabcecf0286b2ed3b137f35bd8f7195b376088702b51
gpqa-7-l,questions,gpqa-diamond,rec7C06XOB2h298ue,longest,1200,2400,random,9283eae658df07e78ef47ee2e19b90ff36985799d73a82889478ca29ab9cc464
gpqa-8-s,questions,gpqa-diamond,recuyeuT5rQ6qDt8F,shortest,75,1800,random,3d67ed65c1016a6dad29077d7a9302c418fefb7728a471c8325fe403da907850
gpqa-8-m,questions,gpqa-diamond,recuyeuT5rQ6qDt8F,middle,300,1800,random,91bce40730b82721626e1401f594404479ff8551fc64a39cc65224102153f744
gpqa-8-l,questions,gpqa-diamond,recuyeuT5rQ6qDt8F,longest,1200,2400,random,ad37761e91dad647096e06eec3290ca7f7bef0977dfc2a1df9be18d67b5c6022
gpqa-9-s,questions,gpqa-diamond,recnjViFrqlZNL3fY,shortest,75,1800,random,c23ade7283420bec2d3e0c0a3d38363854a6df6bbe4fa7030ac449ecd8680b9a
gpqa-9-m,questions,gpqa-diamond,recnjViFrqlZNL3fY,middle,300,1800,random,a587a213807265cd7c1b87be383482ccbe0f61d7c7ab21573f78d761932de383
gpqa-9-l,questions,gpqa-diamond,recnjViFrqlZNL3fY,longest,1200,2400,random,11182a0b50c3cc9c744b94dd6b09af28b6cd46ab846b41e870cb4911302b8003
hle-1-s,questions,humanitys-last-exam,66e9b2899cf8fcf41599246f,shortest,75,1800,picked,ebc2254afaa7d19b971e32324c1f71170bafe240e1866722e894ccd524fa5318
hle-1-m,questions,humanitys-last-exam,66e9b2899cf8fcf41599246f,middle,300,1800,picked,946057bd3b6cc5f93bd59be4797f188ef39495b65a759942525bf0770c462a6f
hle-1-l,questions,humanitys-last-exam,66e9b2899cf8fcf41599246f,longest,1200,2400,picked,c543ae1c7798c07deb497a5b1d1b9af281c397fe09857502209d08282210b9e7
hle-2-s,questions,humanitys-last-exam,670fb58f2ca6bea76e9354a7,shortest,75,1800,picked,3b2ebb2bf2eb69ffed09122423e1ebacf55d7907a46e6ff9c8c5fca726eb6289
hle-2-m,questions,humanitys-last-exam,670fb58f2ca6bea76e9354a7,middle,300,1800,picked,e98ea17bfb3087b3544073016b70ae0d93487f63808f98dd397753e197398ca3
hle-2-l,questions,humanitys-last-exam,670fb58f2ca6bea76e9354a7,longest,1200,2400,picked,6d41fcafb9e2ec25f22e731c4ec7e85dd2bf696f2877d93ed57b7941a100ac36
hle-3-s,questions,humanitys-last-exam,670edc9dbddc0cfe673272c8,shortest,75,1800,picked,14cb84c3f65d4fb2628577304af0a7d75167fccc24d8200e96749d06657dae13
hle-3-m,questions,humanitys-last-exam,670edc9dbddc0cfe673272c8,middle,300,1800,picked,ce2317985743ac217874cb538a8af37819df361570f82cf31a6377a5aed41830
hle-3-l,questions,humanitys-last-exam,670edc9dbddc0cfe673272c8,longest,1200,2400,picked,429d0c8420fa6deec1086000a246a27c9c3caff753dad8e70d26538a24b485b4
hle-4-s,questions,humanitys-last-exam,670e92583011a5b80bfb6c60,shortest,75,1800,random,677689d84e0a7e45d989932fe60f5ae3187da0f8f98aa23c4451a4b52dfb7ea8
hle-4-m,questions,humanitys-last-exam,670e92583011a5b80bfb6c60,middle,300,1800,random,65047b3e6c625cff7955ab0731387a651529a6fa6fa42ee828b015ac8ac8d549
hle-4-l,questions,humanitys-last-exam,670e92583011a5b80bfb6c60,longest,1200,2400,random,fcbfd2470b88f0414c8334516c3ee31496afbc83ea0f5b9ac4f480dfe9d5b0a2
hle-5-s,questions,humanitys-last-exam,671eeb53c1a668a6c81e5993,shortest,75,1800,random,437509938c722cd49f912054dec97534a0542d10170a9d49dfd3085b096dda09
hle-5-m,questions,humanitys-last-exam,671eeb53c1a668a6c81e5993,middle,300,1800,random,16ea5cb242fd3a2e4a9f02ae113f40d894b9d788deaba560bbd620e6bf7361f6
hle-5-l,questions,humanitys-last-exam,671eeb53c1a668a6c81e5993,longest,1200,2400,random,9ca22a4c42ea962bdae0df4e56fe869c7aee9c341cdec5c4b5fa4f6a7ef6c201
hle-6-s,questions,humanitys-last-exam,66fcf48f6da31bbbe3d17e72,shortest,75,1800,random,11f41b37d69eb7b0c4e8e1a847d59dbbd37ed0b623264fef0a72757872721510
hle-6-m,questions,humanitys-last-exam,66fcf48f6da31bbbe3d17e72,middle,300,1800,random,119d023a17165f2b6c18751792e2af9e5111123a0886e5619415178aceeaa43f
hle-6-l,questions,humanitys-last-exam,66fcf48f6da31bbbe3d17e72,longest,1200,2400,random,e09390634f95dfe915268498c848068fe2405a12e16b948480343ac19e84627a
hle-7-s,questions,humanitys-last-exam,671567cd87cd585dc9f613db,shortest,75,1800,random,97777cb3a9a108e58d44ece5eded36ea0caac9d3bf649f2bc39a0573d344af14
hle-7-m,questions,humanitys-last-exam,671567cd87cd585dc9f613db,middle,300,1800,random,b71b522907bb58107e065b31cc0e6508760dcc03e60a579320c0fedb0d85998d
hle-7-l,questions,humanitys-last-exam,671567cd87cd585dc9f613db,longest,1200,2400,random,5647e556605e562ce37e4a593e3e47901194105c7925d4fabf7bc10347af77bf
hle-8-s,questions,humanitys-last-exam,66eb894e6feeaea27b557782,shortest,75,1800,random,d16132b0f5ed2e797c8dfa7b8d38030398271f0b4996493de5a58ee2df2a6014
hle-8-m,questions,humanitys-last-exam,66eb894e6feeaea27b557782,middle,300,1800,random,c15aa86160ea69786a19edad74be5158b47db9ad0536c4c467a9a23fcc03b33c
hle-8-l,questions,humanitys-last-exam,66eb894e6feeaea27b557782,longest,1200,2400,random,1b3aa61e2a1cd5b7787e3c15b0f9f87b19c832aeec5f0ed2fe37fde5c7e5b0d0
hle-9-s,questions,humanitys-last-exam,6724f79792419e4380b5686a,shortest,75,1800,random,fdf193412de57c8282acd21890a579e74d9fdb65a7cc186501b21d31e3db859c
hle-9-m,questions,humanitys-last-exam,6724f79792419e4380b5686a,middle,300,1800,random,104f5c8e4fd26c26961d7d77c8e5b0ac36c9a2d577857a608a39300bf3e66271
hle-9-l,questions,humanitys-last-exam,6724f79792419e4380b5686a,longest,1200,2400,random,1d40f119a9e3f363a25fbece842c28ee41c5f1cf6707d548a5a59b97e1de465c
ppt-100-s,agentic,pptarena,100,shortest,90,3000,,eca092e6ac4200be3b6f362aa2758412543a97f9f612b5b485f0ccf5efaf11b1
ppt-100-m,agentic,pptarena,100,middle,360,3000,,1b754e6409cf2934a60ad8c0f4de4c5f543657da9e0941325a2b784d734d7776
ppt-100-l,agentic,pptarena,100,longest,1500,3000,,2cc1f4ac7993dbe3403787ce31df25ec44c76760d578f1e208497b30139d8431
ppt-17-m,agentic,pptarena,17,middle,360,3000,,1b754e6409cf2934a60ad8c0f4de4c5f543657da9e0941325a2b784d734d7776
ppt-17-l,agentic,pptarena,17,longest,1500,3000,,2cc1f4ac7993dbe3403787ce31df25ec44c76760d578f1e208497b30139d8431
ppt-67-s,agentic,pptarena,67,shortest,90,3000,,eca092e6ac4200be3b6f362aa2758412543a97f9f612b5b485f0ccf5efaf11b1
ppt-67-m,agentic,pptarena,67,middle,360,3000,,1b754e6409cf2934a60ad8c0f4de4c5f543657da9e0941325a2b784d734d7776
ppt-67-l,agentic,pptarena,67,longest,1500,3000,,2cc1f4ac7993dbe3403787ce31df25ec44c76760d578f1e208497b30139d8431
ppt-68-s,agentic,pptarena,68,shortest,90,3000,,eca092e6ac4200be3b6f362aa2758412543a97f9f612b5b485f0ccf5efaf11b1
ppt-68-m,agentic,pptarena,68,middle,360,3000,,1b754e6409cf2934a60ad8c0f4de4c5f543657da9e0941325a2b784d734d7776
ppt-68-l,agentic,pptarena,68,longest,1500,3000,,2cc1f4ac7993dbe3403787ce31df25ec44c76760d578f1e208497b30139d8431
tb-1-s,agentic,terminal-bench,cad-model,shortest,300,9600,,5a904a1f81d0b5a42d06f5cb4686d78abac02f9cd33534723dea684f62c5f397
tb-1-m,agentic,terminal-bench,cad-model,middle,1200,9600,,ac9d880c2d6772738b8ef8ac8979fed98fe45051ecaa37c07a371f23e79f8f91
tb-1-l,agentic,terminal-bench,cad-model,longest,4800,9600,,93bf2901f3020258aa8031e606791a2bc1f886307b4c87bcdde0db3bdd0d86a1
tb-2-s,agentic,terminal-bench,fin-saccr-rwa,shortest,240,7200,,b0a3e246373babaa4f547489e7e6ac1d0f3de05f8322432aba8f3a6479c821e7
tb-2-m,agentic,terminal-bench,fin-saccr-rwa,middle,900,7200,,15085e608fcb6e399319bdf7609c9869711a772fb3730e91a29bc1f345d43691
tb-2-l,agentic,terminal-bench,fin-saccr-rwa,longest,3600,7200,,5c94e93a95dfe5544103144c03427776b62064acc6ad3db3cc0009301af7d978
tb-4-s,agentic,terminal-bench,heat-pump-warranty,shortest,240,7200,,71510b15b471124f90aca4f863e262b02fc16f7db07cf56152788476f8b0533f
tb-4-m,agentic,terminal-bench,heat-pump-warranty,middle,900,7200,,2cde63ac79086668fbc52cdcbb54ddd86c3e0fe972cfaab57524d6a802119f17
tb-4-l,agentic,terminal-bench,heat-pump-warranty,longest,3600,7200,,858bbb1af437a44a0f3c883b3c4725438075e22bb09b824d00b0278f00df88ec
tb-3-s,agentic,terminal-bench,intrastat-meldung,shortest,240,7200,,6c87eb43f8b2bec188c25239b6c1a76ea2e2e18e87f4cfe15a6b12a5906946b7
tb-3-m,agentic,terminal-bench,intrastat-meldung,middle,900,7200,,3749a136cd66fdaaf42ea9c476fcf8516f6776e59a35a156a7d06516e98d214a
tb-3-l,agentic,terminal-bench,intrastat-meldung,longest,3600,7200,,6412f85e278af76a6dbe589273aad3c314e5996fb7b77613c8d4e433c114e79d
tua-3-s,agentic,tua-bench,006-extract-gym-auditorium,shortest,75,2400,,c2676c2e499ab1b3674e846ee875d85cb9023f57f6018fb68a9c7ab5e43b0785
tua-3-m,agentic,tua-bench,006-extract-gym-auditorium,middle,300,2400,,0177459a407ac31a836f689e728237112250db12b7ed5d87ad1b95b4f9fdc57b
tua-3-l,agentic,tua-bench,006-extract-gym-auditorium,longest,1200,2400,,326108b03a03ed0321b90b91227a875ad30a79b71bc1e393286267fc4a8f44fb
tua-4-s,agentic,tua-bench,011-epw-parquet-check,shortest,90,3000,,410da95e2a835414f59df6b7b00d65c156e1723a3a47cf418ca0ef2347f68287
tua-4-m,agentic,tua-bench,011-epw-parquet-check,middle,360,3000,,50021b404bfde1ceb1ecd964ba8bf053d2a81caa848303139432f1fac7224bce
tua-4-l,agentic,tua-bench,011-epw-parquet-check,longest,1500,3000,,0a363b348378cf10b9bdbaa9e62bf2ed17a5c9eda3f78432069dbd7c9d1d1672
tua-2-s,agentic,tua-bench,088-extract-presenter-photos,shortest,150,4800,,8f9c9977953d4ebc8b336a17d926883ebb51efff37eadb7881c19f322c2ea978
tua-2-m,agentic,tua-bench,088-extract-presenter-photos,middle,600,4800,,ea83b3782574c8998d9db8693fa678c54995ea868a35473ea82b2875314c7fe7
tua-2-l,agentic,tua-bench,088-extract-presenter-photos,longest,2400,4800,,751c1efc0d39e5ccb7c515f942fa2e52b445c192ab07801f61dd04273b271455
tua-1-s,agentic,tua-bench,102-daily-email-report,shortest,90,3000,,44e86a91c2db41b9d1cc16cdbe8272b8232fcd068d1488b85fa6b94bcb4856d0
tua-1-m,agentic,tua-bench,102-daily-email-report,middle,360,3000,,d3e3c5c21cc48991bfd98c510f3e1125f7cebf2dfac5eaea4285bef4f688dc95
tua-1-l,agentic,tua-bench,102-daily-email-report,longest,1500,3000,,563dd4ea1783934c1131a9c12d0d4eba54d509e7aeb787250341ea09f28d6b8c
wc-1-s,agentic,wildclawbench,01_Productivity_Flow_task_3_bibtex,shortest,150,4800,,01afda50d5e40b1f370abd1c1bc7c52764923b117545e99b86c8ba0a90e34983
wc-1-m,agentic,wildclawbench,01_Productivity_Flow_task_3_bibtex,middle,600,4800,,b20b759107f96157e1414710fb86d433da20eb6e6e5e8ffffacdb3a1b18ccdf4
wc-1-l,agentic,wildclawbench,01_Productivity_Flow_task_3_bibtex,longest,2400,4800,,8f6c464164197b867215c3198ad6620c8fd803f5ee337daa351816467bebba93
wc-2-s,agentic,wildclawbench,03_Social_Interaction_task_1_meeting_negotiation,shortest,60,2400,,6f1686e45e1f874110f42298eb2dfcb688b8ee971d18d0c26e4e65b7bca13e8b
wc-2-m,agentic,wildclawbench,03_Social_Interaction_task_1_meeting_negotiation,middle,240,2400,,b7f3f9cb0283b600a22329aad72d1c32bdb210f02d30ea46bcbd63f589bf391c
wc-2-l,agentic,wildclawbench,03_Social_Interaction_task_1_meeting_negotiation,longest,1200,2400,,9d5ad30217bfd62ff5a056b60642195f01cf2bb0c3c49a6034d28578045a8301
wc-3-s,agentic,wildclawbench,03_Social_Interaction_task_5_chat_escalation_routing,shortest,60,1800,,f9146d168841b9057685a98f26314d8f038840c28c7409397ef7135e9d3776ad
wc-3-m,agentic,wildclawbench,03_Social_Interaction_task_5_chat_escalation_routing,middle,240,1800,,38dc6e742834159df952dd48b1112ca0c101cf786b98018b07d0f7e10e7be245
wc-3-l,agentic,wildclawbench,03_Social_Interaction_task_5_chat_escalation_routing,longest,900,1800,,adde4983ff032586f5eb7511210410a347a391fae94531c16e09ecf302a3d150
wc-4-s,agentic,wildclawbench,05_Creative_Synthesis_task_2_goal_highlights,shortest,150,4800,,69f17caa27b6bcdd6d1e98859cdcb1e1feadb4c6aa703caa9839851dd146e1c7
wc-4-m,agentic,wildclawbench,05_Creative_Synthesis_task_2_goal_highlights,middle,600,4800,,52116a5a62b031e6a5e050b97d1dc11b91c3ebc99fd67a1313703319d3095891
wc-4-l,agentic,wildclawbench,05_Creative_Synthesis_task_2_goal_highlights,longest,2400,4800,,e318b8e95cace7da261a8614e8060f6fb3ab72152edbea04eed531c62174873a
